{
  "batch_sizes": [
    1,
    4,
    16,
    64,
    256,
    512
  ],
  "pt": [
    0.003832292556762695,
    0.00379788875579834,
    0.0034199953079223633,
    0.003697109222412109,
    0.007959508895874023,
    0.012052202224731445
  ],
  "mlx_base": [
    0.006226396560668946,
    0.00600440502166748,
    0.005974292755126953,
    0.006038808822631836,
    0.0072281122207641605,
    0.010291099548339844
  ],
  "mlx_fused": [
    0.0033061981201171877,
    0.0032664060592651365,
    0.0035247802734375,
    0.003438901901245117,
    0.005581521987915039,
    0.009114503860473633
  ],
  "mlx_metal": [
    0.00425572395324707,
    0.004738116264343261,
    0.004962706565856933,
    0.004833889007568359,
    0.006593012809753418,
    0.010940098762512207
  ],
  "mlx_mg": [
    0.002444815635681152,
    0.002712583541870117,
    0.002721095085144043,
    0.0029953956604003907,
    0.006007599830627442,
    0.010788416862487793
  ],
  "tf": [
    0.022844696044921876,
    0.024944090843200685,
    0.024622726440429687,
    0.02534940242767334,
    0.03103330135345459,
    0.034016990661621095
  ]
}